w, c1, c2, fitness
-1.1, 0.05, 0.05, 801.5943719813896
0, 1.1500000000000001, 1.1500000000000001, 490.09945137294636
0.55, 0.6000000000000001, 0.6000000000000001, 351.06167299504517
-0.55, 1.7000000000000002, 1.7000000000000002, 958.3590047609226
-0.275, 0.8750000000000001, 1.425, 239.16695692231326
0.8250000000000002, 1.9750000000000003, 0.325, 7.786192881597028
0.2749999999999999, 0.325, 1.9750000000000003, 304.8068535520096
-0.8250000000000001, 1.425, 0.8750000000000001, 698.5664827557929
-0.6875, 0.7375, 2.1125, 1174.2190869901606
0.4125000000000001, 1.8375000000000001, 1.0125000000000002, 249.40356745686162
0.9624999999999999, 0.1875, 1.5625000000000002, 972.1891826146683
-0.13749999999999996, 1.2875, 0.4625, 229.12502514271824
-0.4125000000000001, 0.4625, 0.7375, 266.508701624564
0.6875, 1.5625000000000002, 1.8375000000000001, 3.051238837425556E-63
0.13749999999999996, 1.0125000000000002, 0.1875, 200.20182845590392
-0.9625000000000001, 2.1125, 1.2875, 909.5316206580009
-0.89375, 1.08125, 1.08125, 819.9177804447959
0.20625000000000004, 2.18125, 2.18125, 1026.243893796243
0.7562500000000001, 0.5312500000000001, 0.5312500000000001, 113.77557306642157
-0.34375, 1.63125, 1.63125, 834.8322375495242
-0.06875000000000009, 0.25625000000000003, 1.9062500000000002, 409.1801656281511
1.03125, 1.3562500000000002, 0.8062500000000001, 754.4606600080767
0.48124999999999996, 0.8062500000000001, 1.3562500000000002, 193.31966388153674
-0.61875, 1.9062500000000002, 0.25625000000000003, 138.90807634698714
-0.7562500000000001, 0.39375, 1.2187500000000002, 742.9101839583637
0.34375, 1.4937500000000001, 0.11875000000000001, 205.72254624075313
0.89375, 0.9437500000000001, 1.7687500000000003, 958.8841086111653
-0.20625000000000004, 2.04375, 0.6687500000000001, 271.9791747672749
-0.48125000000000007, 0.6687500000000001, 0.39375, 222.55908947623217
0.6187500000000001, 1.7687500000000003, 1.4937500000000001, 0.09613065105950862
0.06875000000000009, 0.11875000000000001, 0.9437500000000001, 476.36252622552894
-1.03125, 1.2187500000000002, 2.04375, 1141.1819392554248
-0.9968750000000001, 0.6343750000000001, 1.5968750000000003, 1015.8526799286271
0.10312499999999991, 1.7343750000000002, 0.496875, 297.39481886202617
0.653125, 0.084375, 2.146875, 0.05575594583017955
-0.446875, 1.1843750000000002, 1.046875, 114.0466476807384
-0.171875, 0.359375, 0.221875, 188.17445424873165
0.9281250000000001, 1.459375, 1.3218750000000001, 851.4069259824931
0.37812500000000004, 0.9093750000000002, 0.7718750000000001, 432.4425241191938
-0.721875, 2.009375, 1.8718750000000002, 1121.3045444602153
-0.5843750000000001, 0.221875, 0.6343750000000001, 233.75362726378992
0.515625, 1.3218750000000001, 1.7343750000000002, 30.912875663629606
1.0656250000000003, 0.7718750000000001, 0.084375, 498.4132698433693
-0.034375000000000044, 1.8718750000000002, 1.1843750000000002, 398.10720568192113
-0.30937500000000007, 1.046875, 2.009375, 1080.1988045242615
0.7906250000000001, 2.146875, 0.9093750000000002, 4.7627944654686026E-48
0.2406250000000001, 0.496875, 1.459375, 396.21716773549014
-0.859375, 1.5968750000000003, 0.359375, 552.4792864887665
-0.9281250000000001, 0.565625, 1.803125, 1094.4893001914058
0.171875, 1.6656250000000001, 0.7031250000000001, 430.0079017006082
0.721875, 1.115625, 1.253125, 16.299423231896927
-0.37812500000000004, 2.215625, 0.153125, 214.4917495928627
-0.10312500000000002, 0.8406250000000001, 0.9781250000000001, 400.47303085194505
0.9968750000000002, 1.9406250000000003, 2.078125, 1137.469622203654
0.44687500000000013, 0.290625, 0.42812500000000003, 413.835045703333
-0.6531250000000001, 1.3906250000000002, 1.5281250000000002, 873.2579161063354
-0.7906250000000001, 0.9781250000000001, 0.565625, 394.8319840403121
0.30937499999999996, 2.078125, 1.6656250000000001, 39.90316209764208
0.859375, 0.42812500000000003, 1.115625, 0.004980882479052353
-0.24062499999999998, 1.5281250000000002, 2.215625, 1167.367395614755
-0.515625, 0.153125, 1.3906250000000002, 136.93552806751302
0.5843750000000001, 1.253125, 0.290625, 341.23764289237243
0.034375000000000044, 0.7031250000000001, 1.9406250000000003, 315.6381901543371
-1.065625, 1.803125, 0.8406250000000001, 826.4265489982483
-1.0484375000000001, 0.9265625000000001, 1.8546875000000003, 1131.4620000177817
0.051562499999999956, 2.0265625000000003, 0.7546875000000001, 377.5567917737117
0.6015625, 0.3765625, 1.3046875000000002, 160.4222283915807
-0.4984375000000001, 1.4765625000000002, 0.20468750000000002, 207.18156972530198
-0.22343750000000007, 0.1015625, 1.0296875, 358.471325915754
0.8765625000000001, 1.2015625, 2.1296875, 1163.1569898401751
0.3265625000000001, 0.6515625, 0.47968750000000004, 408.56307994548627
-0.7734375, 1.7515625000000001, 1.5796875000000001, 1014.2579011677703
-0.6359375, 0.5140625000000001, 0.34218750000000003, 206.7486603531663
0.46406250000000004, 1.6140625000000002, 1.4421875000000002, 79.84748945646136
1.0140625, 1.0640625000000001, 0.8921875000000001, 772.8665274512636
-0.0859375, 2.1640625, 1.9921875000000002, 1108.534443830316
-0.3609375, 0.7890625000000001, 1.1671875, 270.7653158392924
0.7390625, 1.8890625, 0.06718750000000001, 303.6179753655561
0.1890624999999999, 0.2390625, 1.7171875, 440.172104089974
-0.9109375000000001, 1.3390625, 0.6171875000000001, 712.5926618466879
-0.8421875000000001, 0.3078125, 1.5109375000000003, 956.8836238952147
0.2578125, 1.4078125000000001, 0.4109375, 331.21908809144253
0.8078125, 0.8578125000000001, 2.0609375, 2.6657203374569305E-17
-0.29218750000000004, 1.9578125000000002, 0.9609375000000001, 230.34751247328916
-0.01718749999999991, 1.1328125000000002, 0.1359375, 188.04614001261444
1.0828125000000002, 2.2328125, 1.2359375000000001, 875.291278777608
0.5328125000000001, 0.5828125000000001, 0.6859375000000001, 333.46438003347856
-0.5671875000000001, 1.6828125000000003, 1.7859375000000002, 1030.454983613397
-0.7046875000000001, 0.7203125000000001, 0.8234375000000002, 403.2118480299775
0.39531249999999996, 1.8203125000000002, 1.9234375000000001, 1.0631993205574917
0.9453125, 0.17031250000000003, 0.2734375, 19.06068028731814
-0.15468749999999998, 1.2703125000000002, 1.3734375, 315.4782568139893
-0.4296875, 0.4453125, 2.1984375, 990.5054957377223
0.6703125000000001, 1.5453125, 1.0984375000000002, 23.157134671539904
0.12031250000000004, 0.9953125000000002, 1.6484375000000002, 331.74351797793696
-0.9796875, 2.0953125, 0.5484375, 792.398482716765
-1.0140625, 0.34218750000000003, 0.9265625000000001, 831.6522578404473
0.0859375, 1.4421875000000002, 2.0265625000000003, 119.65437184388621
0.6359375, 0.8921875000000001, 0.3765625, 296.38005330121626
-0.46406250000000004, 1.9921875000000002, 1.4765625000000002, 694.0053868070839
-0.18906250000000002, 0.6171875000000001, 1.7515625000000001, 256.12310585121384
0.9109375000000002, 1.7171875, 0.6515625, 495.40861952206586
0.36093750000000013, 0.06718750000000001, 1.2015625, 485.9486472436214
-0.7390625000000001, 1.1671875, 0.1015625, 111.96177884667331
-0.6015625, 1.0296875, 1.3390625, 699.8042290276412
0.4984375000000001, 2.1296875, 0.2390625, 318.30895776832756
1.0484375, 0.47968750000000004, 1.8890625, 1129.4555623797912
-0.051562499999999956, 1.5796875000000001, 0.7890625000000001, 374.36586845752385
-0.3265625, 0.20468750000000002, 0.5140625000000001, 231.3876353049826
0.7734375, 1.3046875000000002, 1.6140625000000002, 4.138158200462763E-44
0.22343749999999996, 0.7546875000000001, 1.0640625000000001, 496.7629155329292
-0.8765625000000001, 1.8546875000000003, 2.1640625, 1174.3942975020263
-0.9453125000000001, 0.8234375000000002, 0.3078125, 683.0788664576432
0.1546875000000001, 1.9234375000000001, 1.4078125000000001, 326.24797869493074
0.7046875000000001, 0.2734375, 0.8578125000000001, 140.92988844703584
-0.39531250000000007, 1.3734375, 1.9578125000000002, 1082.4819861551762
-0.12031250000000004, 0.5484375, 1.6828125000000003, 358.8724793663762
0.9796875000000003, 1.6484375000000002, 0.5828125000000001, 639.7284370949006
0.4296875, 1.0984375000000002, 2.2328125, 9.69656541449363
-0.6703125000000001, 2.1984375, 1.1328125000000002, 604.1875688239401
-0.8078125, 0.1359375, 2.0953125, 1170.566742331397
0.29218750000000004, 1.2359375000000001, 0.9953125000000002, 430.7551436824933
0.8421875000000001, 0.6859375000000001, 1.5453125, 1.9756435344423904E-27
-0.2578125, 1.7859375000000002, 0.4453125, 209.25744313945614
-0.5328125, 0.9609375000000001, 0.7203125000000001, 191.98844102739798
0.5671875, 2.0609375, 1.8203125000000002, 3.0319778580877244E-78
0.01718749999999991, 0.4109375, 0.17031250000000003, 193.5540255063815
-1.0828125000000002, 1.5109375000000003, 1.2703125000000002, 916.6242888522346
-1.07421875, 0.7804687500000002, 0.69453125, 819.9239802556428
0.02578125000000009, 1.8804687500000001, 1.7945312500000001, 61.88274388434395
0.5757812500000001, 0.23046875, 0.14453125, 283.568198265715
-0.5242187500000001, 1.33046875, 1.24453125, 475.93561847905744
-0.24921875000000004, 0.50546875, 2.06953125, 82.56238327804259
0.85078125, 1.6054687500000002, 0.9695312500000001, 1.173162014906935E-33
0.30078125, 1.0554687500000002, 1.5195312500000002, 277.87477702320194
-0.7992187500000001, 2.15546875, 0.41953125, 441.2861193993422
-0.6617187500000001, 0.09296875, 1.6570312500000002, 843.3242321347091
0.43828124999999996, 1.1929687500000001, 0.5570312500000001, 400.1800914592244
0.98828125, 0.6429687500000001, 2.20703125, 1168.4720008307465
-0.11171874999999998, 1.7429687500000002, 1.1070312500000001, 394.8120409071837
-0.38671875, 0.9179687500000001, 0.28203125, 205.44831165733382
0.7132812500000001, 2.01796875, 1.38203125, 2.2409838880408795E-67
0.16328125000000004, 0.36796875, 0.8320312500000001, 473.0131668462712
-0.93671875, 1.4679687500000003, 1.93203125, 1127.7903557521372
-0.8679687500000001, 0.43671875000000004, 0.48828125, 490.3330585311327
0.2320312499999999, 1.5367187500000001, 1.58828125, 239.39894595663608
0.78203125, 0.9867187500000001, 1.03828125, 18.66167881574269
-0.31796875, 2.08671875, 2.13828125, 1117.5045093088552
-0.04296875, 0.7117187500000001, 1.3132812500000002, 449.13608202962763
1.05703125, 1.8117187500000003, 0.21328125000000003, 605.4625064119037
0.50703125, 0.16171875000000002, 1.8632812500000002, 146.01496522072355
-0.59296875, 1.2617187500000002, 0.7632812500000001, 196.18992387514618
-0.73046875, 1.12421875, 1.7257812500000003, 1103.0281330824946
0.3695312500000001, 2.22421875, 0.6257812500000001, 398.3064343013391
0.9195312499999999, 0.5742187500000001, 1.1757812500000002, 0.00010398175948306751
-0.18046875000000007, 1.67421875, 0.07578125000000001, 187.1600447359452
-0.4554687500000001, 0.29921875000000003, 0.9007812500000001, 282.2126024076407
0.64453125, 1.3992187500000002, 2.00078125, 6.0078850736934815E-58
0.09453124999999996, 0.8492187500000001, 0.35078125, 248.1759839831495
-1.0054687500000001, 1.9492187500000002, 1.4507812500000001, 946.2800735688584
-0.9710937500000001, 0.19609375, 2.24140625, 1189.0287239484933
0.12890625, 1.29609375, 1.1414062500000002, 486.3734022326465
0.67890625, 0.7460937500000001, 1.6914062500000002, 12.657020876194938
-0.42109375000000004, 1.84609375, 0.5914062500000001, 159.8685632684231
-0.14609375000000002, 1.0210937500000001, 0.8664062500000002, 360.02004650789206
0.9539062500000002, 2.12109375, 1.9664062500000001, 1104.3389332366667
0.40390625000000013, 0.47109375000000003, 0.31640625, 332.2273310079847
-0.6960937500000001, 1.5710937500000002, 1.41640625, 803.7934461724384
-0.55859375, 0.60859375, 0.17890625, 206.4879638830206
0.5414062500000001, 1.7085937500000001, 1.2789062500000001, 62.31411987701365
1.09140625, 0.05859375, 0.7289062500000001, 810.2538084093816
-0.008593749999999956, 1.15859375, 1.8289062500000002, 290.7352325076305
-0.28359375, 0.33359375, 1.5539062500000003, 317.93667178278764
0.81640625, 1.4335937500000002, 0.45390625, 24.58828197553378
0.26640624999999996, 0.8835937500000001, 2.10390625, 156.8801846628941
-0.8335937500000001, 1.9835937500000003, 1.00390625, 775.6750712854531
-0.9023437500000001, 0.9523437500000002, 1.21015625, 870.1258492733272
0.1976562500000001, 2.05234375, 0.11015625000000001, 192.61264368515012
0.7476562500000001, 0.40234375, 1.76015625, 2.403324711924976E-10
-0.35234375000000007, 1.50234375, 0.6601562500000001, 221.61140156215868
-0.07734375000000004, 0.12734375, 0.38515625000000003, 224.73149227561663
1.0226562500000003, 1.2273437500000002, 1.4851562500000002, 969.9291063078723
0.47265625, 0.6773437500000001, 0.9351562500000001, 293.0983390157992
-0.6273437500000001, 1.7773437500000002, 2.03515625, 1129.5293263006538
-0.76484375, 0.5398437500000001, 1.07265625, 686.4934676598526
0.33515625000000004, 1.6398437500000003, 2.17265625, 0.16677381416738662
0.8851562500000001, 1.0898437500000002, 0.52265625, 2.3800159091754827
-0.21484375, 2.18984375, 1.6226562500000001, 739.5376620589927
-0.48984375, 0.8148437500000001, 1.8976562500000003, 979.9020194370876
0.61015625, 1.9148437500000002, 0.7976562500000001, 96.17702283142793
0.06015624999999991, 0.26484375000000004, 1.3476562500000002, 560.8263482059245
-1.0398437500000002, 1.3648437500000001, 0.24765625000000002, 811.4957272642797
-1.05703125, 0.48828125, 1.3648437500000001, 934.5646643828449
0.04296875, 1.58828125, 0.26484375000000004, 216.61133660743113
0.59296875, 1.03828125, 1.9148437500000002, 4.322781551056944
-0.50703125, 2.13828125, 0.8148437500000001, 252.92460238907137
-0.23203125000000002, 0.7632812500000001, 0.5398437500000001, 252.1171929392679
0.8679687500000002, 1.8632812500000002, 1.6398437500000003, 995.2024849583141
0.31796875000000013, 0.21328125000000003, 1.0898437500000002, 535.4394167495843
-0.7820312500000001, 1.3132812500000002, 2.18984375, 1200.548664033413
-0.64453125, 0.9007812500000001, 0.9523437500000002, 380.6591194041583
0.4554687500000001, 2.00078125, 2.05234375, 3.124631781523158E-84
1.00546875, 0.35078125, 0.40234375, 615.7789902570662
-0.09453124999999996, 1.4507812500000001, 1.50234375, 275.60458413871515
-0.36953125, 0.07578125000000001, 1.7773437500000002, 213.0535007181746
0.73046875, 1.1757812500000002, 0.6773437500000001, 68.36848759849849
0.18046874999999996, 0.6257812500000001, 1.2273437500000002, 491.0719428482268
-0.9195312500000001, 1.7257812500000003, 0.12734375, 665.9938306443539
-0.85078125, 0.69453125, 1.9835937500000003, 1157.322368099488
0.24921875000000004, 1.7945312500000001, 0.8835937500000001, 454.5795559603315
0.7992187500000001, 0.14453125, 1.4335937500000002, 1.4152761044856142E-07
-0.30078125, 1.24453125, 0.33359375, 207.4452253177401
-0.02578125000000009, 0.41953125, 0.60859375, 314.40970647915873
1.07421875, 1.5195312500000002, 1.7085937500000001, 1114.9966731418288
0.52421875, 0.9695312500000001, 0.05859375, 204.690204522652
-0.57578125, 2.06953125, 1.15859375, 467.9716885381602
-0.7132812500000001, 0.28203125, 0.19609375, 205.82995309671588
0.38671875, 1.38203125, 1.29609375, 220.72925490198332
0.9367187500000003, 0.8320312500000001, 0.7460937500000001, 2.3521039123743696E-06
-0.16328125000000004, 1.93203125, 1.84609375, 977.3481206362237
-0.43828125000000007, 1.1070312500000001, 1.5710937500000002, 772.8017850609289
0.6617187500000001, 2.20703125, 0.47109375000000003, 140.43626767953862
0.11171875000000009, 0.5570312500000001, 2.12109375, 261.0214322057556
-0.9882812500000001, 1.6570312500000002, 1.0210937500000001, 858.5452790650411
-1.02265625, 1.07265625, 0.43671875000000004, 787.0501637090099
0.07734375000000004, 2.17265625, 1.5367187500000001, 172.8283193364411
0.6273437500000001, 0.52265625, 0.9867187500000001, 172.04611625734267
-0.47265625, 1.6226562500000001, 2.08671875, 1111.8930875934502
-0.19765624999999998, 0.24765625000000002, 1.2617187500000002, 418.70590722465715
0.90234375, 1.3476562500000002, 0.16171875000000002, 5.389352647325146
0.35234374999999996, 0.7976562500000001, 1.8117187500000003, 209.01334437421212
-0.7476562500000001, 1.8976562500000003, 0.7117187500000001, 466.79822203155766
-0.6101562500000001, 0.38515625000000003, 1.9492187500000002, 1004.4376944542145
0.48984375000000013, 1.4851562500000002, 0.8492187500000001, 251.6226515583963
1.0398437500000002, 0.9351562500000001, 1.3992187500000002, 930.5525099135308
-0.06015624999999991, 2.03515625, 0.29921875000000003, 210.2574428036364
-0.33515625000000004, 0.6601562500000001, 1.12421875, 316.6510724867532
0.76484375, 1.76015625, 2.22421875, 1152.8034002553802
0.21484375, 0.11015625000000001, 0.5742187500000001, 386.5601021967705
-0.8851562500000001, 1.21015625, 1.67421875, 1072.5251552205875
-0.9539062500000001, 0.17890625, 0.7804687500000002, 754.6940188896216
0.1460937499999999, 1.2789062500000001, 1.8804687500000001, 230.1639889638094
0.69609375, 0.7289062500000001, 0.23046875, 264.17485406244197
-0.40390625, 1.8289062500000002, 1.33046875, 437.37213708209066
-0.12890625, 1.00390625, 2.15546875, 54.20071692044614
0.9710937500000001, 2.10390625, 1.0554687500000002, 834.8718619617313
0.42109375000000004, 0.45390625, 1.6054687500000002, 237.49396582015072
-0.67890625, 1.5539062500000003, 0.50546875, 240.14503558484495
-0.81640625, 0.8664062500000002, 1.4679687500000003, 921.9739892289288
0.2835937500000001, 1.9664062500000001, 0.36796875, 301.48641118748054
0.8335937500000001, 0.31640625, 2.01796875, 1.0823835241584847E-10
-0.26640625000000007, 1.41640625, 0.9179687500000001, 313.75063732266426
-0.5414062500000001, 0.5914062500000001, 0.09296875, 187.93191579959128
0.55859375, 1.6914062500000002, 1.1929687500000001, 63.94231163053145
0.008593749999999956, 1.1414062500000002, 0.6429687500000001, 331.98101476625146
-1.0914062500000001, 2.24140625, 1.7429687500000002, 1093.77580558995
-1.087109375, 1.145703125, 1.5410156250000002, 969.458565649146
0.012890625000000044, 2.245703125, 0.441015625, 255.79435535748487
0.5628906250000001, 0.5957031250000001, 2.091015625, 23.700666633110473
-0.537109375, 1.695703125, 0.9910156250000001, 310.4152423662447
-0.262109375, 0.32070312500000003, 0.166015625, 179.56285096785618
0.837890625, 1.4207031250000002, 1.266015625, 4.771878409384092E-36
0.28789062499999996, 0.8707031250000001, 0.716015625, 479.17748545221343
-0.8121093750000001, 1.9707031250000002, 1.8160156250000001, 1054.529596177316
-0.6746093750000001, 0.45820312500000004, 0.8535156250000001, 3.6976971477200493
0.42539062500000013, 1.5582031250000001, 1.953515625, 5.80964388373077
0.9753906250000002, 1.008203125, 0.303515625, 333.7173974473061
-0.12460937500000002, 2.108203125, 1.403515625, 124.99524738836801
-0.39960937500000004, 0.7332031250000001, 2.228515625, 1162.2860122368074
0.700390625, 1.8332031250000003, 1.1285156250000001, 0.1088776988154096
0.150390625, 0.18320312500000002, 1.6785156250000002, 497.4806041801401
-0.9496093750000001, 1.2832031250000002, 0.5785156250000001, 763.0409617806569
-0.8808593750000001, 0.114453125, 1.8847656250000002, 1137.2004154169178
0.2191406250000001, 1.2144531250000001, 0.7847656250000001, 458.00411850490735
0.7691406250000001, 0.6644531250000001, 1.3347656250000002, 13.5851396024082
-0.33085937500000007, 1.7644531250000002, 0.23476562500000003, 205.38163409170517
-0.055859375000000044, 0.9394531250000001, 1.059765625, 451.1597181592112
1.0441406250000003, 2.039453125, 2.159765625, 1198.0867426007685
0.494140625, 0.389453125, 0.509765625, 435.48993398275985
-0.6058593750000001, 1.4894531250000003, 1.609765625, 915.4518372760707
-0.743359375, 0.8019531250000002, 0.372265625, 79.3010210177295
0.35664062500000004, 1.9019531250000001, 1.4722656250000001, 103.44006913766951
0.9066406250000001, 0.251953125, 0.9222656250000001, 3.6671092304052204E-06
-0.193359375, 1.351953125, 2.022265625, 865.4462672674449
-0.468359375, 0.526953125, 1.1972656250000002, 205.53432938344906
0.631640625, 1.6269531250000002, 0.09726562500000001, 269.1475701297699
0.08164062499999991, 1.0769531250000002, 1.7472656250000003, 312.2555529453855
-1.0183593750000002, 2.176953125, 0.6472656250000001, 820.6196875136617
-0.9839843750000001, 0.5613281250000001, 0.269140625, 723.9827464839865
0.11601562499999996, 1.6613281250000003, 1.3691406250000002, 395.2100595179527
0.666015625, 1.1113281250000002, 0.8191406250000001, 126.62965241425432
-0.4339843750000001, 2.211328125, 1.9191406250000003, 1099.1585174268118
-0.15898437500000007, 0.8363281250000001, 1.6441406250000001, 281.5272479481745
0.9410156249999999, 1.9363281250000002, 0.544140625, 586.4387018738576
0.3910156250000001, 0.28632812500000004, 2.194140625, 177.93383164669774
-0.708984375, 1.3863281250000001, 1.094140625, 631.3707131516095
-0.571484375, 0.9738281250000002, 2.056640625, 1088.1652821376808
0.528515625, 2.073828125, 0.9566406250000001, 113.74961049826602
1.078515625, 0.423828125, 1.5066406250000002, 948.461019159961
-0.021484375, 1.523828125, 0.40664062500000003, 237.88562969666012
-0.296484375, 0.148828125, 0.6816406250000001, 281.90121878610506
0.803515625, 1.2488281250000002, 1.781640625, 2.6265923792130153E-24
0.2535156249999999, 0.6988281250000001, 0.131640625, 194.01517966998443
-0.8464843750000001, 1.7988281250000002, 1.231640625, 858.8923360873897
-0.915234375, 0.630078125, 0.8878906250000002, 795.0544875807354
0.18476562500000004, 1.7300781250000001, 1.9878906250000001, 49.55411738524515
0.7347656250000001, 0.080078125, 0.337890625, 265.5284962821016
-0.365234375, 1.180078125, 1.437890625, 2.0009862676093
-0.09023437500000009, 0.355078125, 1.7128906250000002, 396.1149559590433
1.009765625, 1.4550781250000002, 0.6128906250000001, 636.4671075697465
0.45976562499999996, 0.9050781250000001, 1.1628906250000002, 256.7851682662916
-0.6402343750000001, 2.0050781250000003, 0.062890625, 146.573447716792
-0.7777343750000001, 0.217578125, 1.3003906250000001, 818.5850605869874
0.322265625, 1.317578125, 0.200390625, 218.96667941080247
0.872265625, 0.7675781250000001, 1.8503906250000002, 869.4316133895921
-0.22773437500000004, 1.867578125, 0.7503906250000001, 279.52589844259535
-0.5027343750000001, 1.0425781250000001, 0.475390625, 209.0190160985188
0.5972656250000001, 2.142578125, 1.5753906250000003, 6.228991441520235E-90
0.04726562500000009, 0.49257812500000003, 1.025390625, 509.6182109304071
-1.052734375, 1.5925781250000002, 2.125390625, 1164.9893901150629
-1.035546875, 0.269140625, 1.145703125, 875.1464785734204
0.064453125, 1.3691406250000002, 2.245703125, 32.54549659288296
0.614453125, 0.8191406250000001, 0.5957031250000001, 244.50278750435703
-0.48554687500000004, 1.9191406250000003, 1.695703125, 934.8458589981185
-0.21054687500000002, 1.094140625, 1.9707031250000002, 5.988498312494288
0.8894531250000002, 2.194140625, 0.8707031250000001, 727.4810388086341
0.33945312500000013, 0.544140625, 1.4207031250000002, 324.97083933178095
-0.7605468750000001, 1.6441406250000001, 0.32070312500000003, 297.83737181679487
-0.623046875, 0.6816406250000001, 1.2832031250000002, 650.0162764197645
0.4769531250000001, 1.781640625, 0.18320312500000002, 285.4701834090512
1.026953125, 0.131640625, 1.8332031250000003, 1088.9243651696247
-0.07304687499999996, 1.231640625, 0.7332031250000001, 331.0690187758189
-0.348046875, 0.40664062500000003, 0.45820312500000004, 222.97806241013228
0.751953125, 1.5066406250000002, 1.5582031250000001, 5.569815431387578E-53
0.20195312499999996, 0.9566406250000001, 1.008203125, 513.8185138345204
-0.8980468750000001, 2.056640625, 2.108203125, 1162.7163248128718
-0.829296875, 0.8878906250000002, 0.114453125, 187.34794346995594
0.27070312500000004, 1.9878906250000001, 1.2144531250000001, 281.75087307247827
0.8207031250000001, 0.337890625, 0.6644531250000001, 72.57469162501229
-0.279296875, 1.437890625, 1.7644531250000002, 866.0092470631869
-0.004296875000000089, 0.062890625, 1.4894531250000003, 596.5411765795841
1.095703125, 1.1628906250000002, 0.389453125, 646.6745657982991
0.545703125, 0.6128906250000001, 2.039453125, 45.7847085326584
-0.554296875, 1.7128906250000002, 0.9394531250000001, 316.118319505839
-0.6917968750000001, 0.475390625, 2.176953125, 1206.2720375321805
0.408203125, 1.5753906250000003, 1.0769531250000002, 253.27449309616304
0.9582031250000003, 1.025390625, 1.6269531250000002, 1026.8529154415705
-0.14179687500000004, 2.125390625, 0.526953125, 243.48119105114054
-0.41679687500000007, 0.7503906250000001, 0.8019531250000002, 258.77307269780016
0.6832031250000001, 1.8503906250000002, 1.9019531250000001, 3.804865948456835E-36
0.1332031250000001, 0.200390625, 0.251953125, 225.0230318216021
-0.9667968750000001, 1.3003906250000001, 1.351953125, 909.5382180152446
-1.001171875, 0.8535156250000001, 1.7988281250000002, 1124.6948577009346
0.09882812500000004, 1.953515625, 0.6988281250000001, 403.1388112539711
0.6488281250000001, 0.303515625, 1.2488281250000002, 137.50861533160943
-0.451171875, 1.403515625, 0.148828125, 207.86562061604687
-0.17617187499999998, 0.5785156250000001, 0.9738281250000002, 366.1492783389562
0.923828125, 1.6785156250000002, 2.073828125, 1126.24932990956
0.37382812499999996, 1.1285156250000001, 0.423828125, 388.89970862791785
-0.7261718750000001, 2.228515625, 1.523828125, 923.1379973487615
-0.5886718750000001, 0.166015625, 0.5613281250000001, 224.4414980709183
0.5113281250000001, 1.266015625, 1.6613281250000003, 53.91736222486012
1.0613281250000002, 0.716015625, 1.1113281250000002, 835.0946974111258
-0.03867187499999991, 1.8160156250000001, 2.211328125, 1172.796680767385
-0.31367187500000004, 0.9910156250000001, 1.3863281250000001, 197.50435926680356
0.786328125, 2.091015625, 0.28632812500000004, 73.81361904980518
0.236328125, 0.441015625, 1.9363281250000002, 286.74228381906795
-0.8636718750000001, 1.5410156250000002, 0.8363281250000001, 742.2061628177341
-0.9324218750000001, 0.372265625, 1.5925781250000002, 1016.2054612778314
0.1675781249999999, 1.4722656250000001, 0.49257812500000003, 321.8790626016998
0.717578125, 0.9222656250000001, 2.142578125, 1.1674268797117421E-44
-0.382421875, 2.022265625, 1.0425781250000001, 205.7215527623546
-0.107421875, 0.6472656250000001, 0.217578125, 201.73740692502435
0.9925781250000001, 1.7472656250000003, 1.317578125, 885.5940873623101
0.44257812500000004, 0.09726562500000001, 0.7675781250000001, 476.10393210103
-0.657421875, 1.1972656250000002, 1.867578125, 1061.8073105761662
-0.794921875, 1.059765625, 0.630078125, 463.11249089924144
0.3050781250000001, 2.159765625, 1.7300781250000001, 7.9459614797452
0.8550781250000001, 0.509765625, 0.080078125, 186.76115602794547
-0.24492187500000007, 1.609765625, 1.180078125, 229.9213488837954
-0.5199218750000001, 0.23476562500000003, 2.0050781250000003, 881.2359779345858
0.580078125, 1.3347656250000002, 0.9050781250000001, 156.15224361223912
0.030078124999999956, 0.7847656250000001, 1.4550781250000002, 445.0845557533521
-1.0699218750000001, 1.8847656250000002, 0.355078125, 817.9053594716522
-1.078515625, 0.41523437500000004, 2.030859375, 1133.5402505882366
0.021484375, 1.5152343750000001, 0.9308593750000002, 449.5361008636195
0.571484375, 0.9652343750000001, 1.480859375, 86.8964850961674
-0.528515625, 2.065234375, 0.380859375, 107.9689742308205
-0.253515625, 0.6902343750000001, 0.6558593750000001, 264.38278680448315
0.8464843750000002, 1.7902343750000003, 1.7558593750000002, 910.7841638129647
0.29648437500000013, 0.14023437500000002, 0.105859375, 204.43598064987938
-0.8035156250000001, 1.2402343750000002, 1.2058593750000002, 841.8726361177424
-0.666015625, 1.102734375, 0.24335937500000004, 174.8229778715362
0.4339843750000001, 2.202734375, 1.3433593750000001, 53.06955446641849
0.9839843749999999, 0.5527343750000001, 0.7933593750000001, 756.224902489504
-0.11601562499999996, 1.652734375, 1.8933593750000002, 8.895739663967081
-0.391015625, 0.27773437500000003, 1.6183593750000003, 173.63439906801588
0.708984375, 1.3777343750000002, 0.5183593750000001, 120.41791639425263
0.15898437499999996, 0.8277343750000001, 2.168359375, 198.46167898185695
-0.9410156250000001, 1.9277343750000002, 1.0683593750000002, 844.830995442504
-0.872265625, 0.7589843750000002, 1.4121093750000002, 920.4639718810115
0.22773437500000004, 1.8589843750000001, 0.312109375, 259.12232981011056
0.7777343750000001, 0.208984375, 1.9621093750000003, 1.4412009391561037E-23
-0.322265625, 1.308984375, 0.8621093750000001, 272.4182247647515
-0.04726562500000009, 0.483984375, 0.587109375, 288.0880322908155
1.052734375, 1.5839843750000002, 1.6871093750000001, 1014.8347096766722
0.502734375, 1.0339843750000002, 1.137109375, 204.46952196183747
-0.597265625, 2.133984375, 2.237109375, 1188.9708298551304
-0.7347656250000001, 0.071484375, 0.9996093750000001, 0.0002862861831350926
0.365234375, 1.1714843750000001, 2.099609375, 43.41114106962651
0.9152343750000003, 0.6214843750000001, 0.44960937500000003, 5.001534350758953
-0.18476562500000004, 1.7214843750000002, 1.5496093750000002, 15.441763212076195
-0.45976562500000007, 0.8964843750000001, 1.824609375, 963.763155916966
0.6402343750000001, 1.9964843750000003, 0.7246093750000001, 77.6358477284995
0.09023437500000009, 0.346484375, 1.274609375, 529.6436575376617
-1.009765625, 1.4464843750000003, 0.174609375, 809.8570743279955
-0.9753906250000001, 0.9996093750000001, 0.7589843750000002, 809.332005304188
0.12460937499999991, 2.099609375, 1.8589843750000001, 6.3347822499841575
0.674609375, 0.44960937500000003, 0.208984375, 311.97226768408444
-0.425390625, 1.5496093750000002, 1.308984375, 452.80539295818215
-0.150390625, 0.174609375, 2.133984375, 279.5535580478963
0.9496093750000001, 1.274609375, 1.0339843750000002, 753.5759243453256
0.39960937500000004, 0.7246093750000001, 1.5839843750000002, 221.59203435015587
-0.700390625, 1.824609375, 0.483984375, 289.54669942412977
-0.5628906250000001, 0.587109375, 1.4464843750000003, 718.0725746115523
0.537109375, 1.6871093750000001, 0.346484375, 355.8921753693801
1.0871093750000003, 1.137109375, 1.9964843750000003, 1132.3018691375078
-0.012890625000000044, 2.237109375, 0.8964843750000001, 394.62452465068986
-0.28789062500000007, 0.8621093750000001, 0.071484375, 178.5285519652605
0.8121093750000001, 1.9621093750000003, 1.1714843750000001, 2.0490647866448107E-17
0.2621093750000001, 0.312109375, 0.6214843750000001, 422.31126065638006
-0.837890625, 1.4121093750000002, 1.7214843750000002, 1038.4576516713998
-0.9066406250000001, 0.24335937500000004, 0.41523437500000004, 533.5603428750441
0.193359375, 1.3433593750000001, 1.5152343750000001, 311.33247708783233
0.743359375, 0.7933593750000001, 0.9652343750000001, 61.595798058423505
-0.35664062500000004, 1.8933593750000002, 2.065234375, 1108.5500556010631
-0.08164062499999991, 1.0683593750000002, 1.2402343750000002, 425.09656225397856
1.0183593750000002, 2.168359375, 0.14023437500000002, 524.1614004027241
0.46835937500000013, 0.5183593750000001, 1.7902343750000003, 163.0786457166524
-0.6316406250000001, 1.6183593750000003, 0.6902343750000001, 289.32075983066517
-0.7691406250000001, 0.6558593750000001, 1.9277343750000002, 1102.375606008297
0.33085937499999996, 1.7558593750000002, 0.8277343750000001, 416.6554021546585
0.880859375, 0.105859375, 1.3777343750000002, 6.8443526685962435E-12
-0.21914062499999998, 1.2058593750000002, 0.27773437500000003, 211.20377632911624
-0.494140625, 0.380859375, 1.102734375, 228.40522627667784
0.6058593750000001, 1.480859375, 2.202734375, 1.5727635151494172E-65
0.055859375000000044, 0.9308593750000002, 0.5527343750000001, 297.379551826266
-1.044140625, 2.030859375, 1.652734375, 1058.5500492015124
-1.0613281250000002, 0.7074218750000001, 0.501171875, 764.6872903599248
0.03867187499999991, 1.8074218750000002, 1.6011718750000001, 234.27142333779082
0.588671875, 0.15742187500000002, 1.051171875, 217.48562832279723
-0.511328125, 1.2574218750000001, 2.151171875, 1141.8370977211764
-0.236328125, 0.432421875, 1.3261718750000002, 370.5924320820021
0.8636718750000001, 1.5324218750000003, 0.22617187500000002, 26.265573974158823
0.31367187500000004, 0.9824218750000001, 1.8761718750000003, 190.19038143442313
-0.786328125, 2.082421875, 0.7761718750000001, 549.2798546813804
-0.6488281250000001, 0.294921875, 1.738671875, 902.0458327344824
0.451171875, 1.394921875, 0.6386718750000001, 364.21537995163715
1.0011718750000003, 0.8449218750000002, 1.188671875, 867.1956952621308
-0.09882812500000004, 1.9449218750000001, 0.08867187500000001, 186.9346313823026
-0.37382812500000007, 1.1199218750000002, 0.9136718750000001, 269.10343338813084
0.7261718750000001, 2.219921875, 2.013671875, 1128.5896478587501
0.1761718750000001, 0.5699218750000001, 0.36367187500000003, 277.970568042887
-0.9238281250000001, 1.6699218750000002, 1.4636718750000002, 976.4407194404265
-0.8550781250000001, 0.501171875, 0.7074218750000001, 631.885305159102
0.24492187499999996, 1.6011718750000001, 1.8074218750000002, 130.10350807089802
0.794921875, 1.051171875, 0.15742187500000002, 193.4619455973761
-0.305078125, 2.151171875, 1.2574218750000001, 297.8384045734938
-0.030078124999999956, 0.7761718750000001, 2.082421875, 201.77735112869127
1.069921875, 1.8761718750000003, 0.9824218750000001, 832.8923228612936
0.5199218750000001, 0.22617187500000002, 1.5324218750000003, 197.75071179996024
-0.580078125, 1.3261718750000002, 0.432421875, 130.52881527179778
-0.7175781250000001, 0.9136718750000001, 1.6699218750000002, 998.4063915591681
0.38242187500000013, 2.013671875, 0.5699218750000001, 410.15903187469956
0.9324218750000002, 0.36367187500000003, 2.219921875, 1185.4701487218008
-0.16757812500000002, 1.4636718750000002, 1.1199218750000002, 354.5451179794582
-0.44257812500000004, 0.08867187500000001, 0.294921875, 206.45071099078143
0.657421875, 1.188671875, 1.394921875, 27.430624814119724
0.107421875, 0.6386718750000001, 0.8449218750000002, 456.3110212765157
-0.9925781250000001, 1.738671875, 1.9449218750000001, 1160.0051049862477
-1.0269531250000001, 0.12304687500000001, 1.1542968750000002, 871.9804533184531
0.07304687499999996, 1.223046875, 0.054296875, 183.31832453865977
0.623046875, 0.673046875, 1.7042968750000003, 58.455572669949774
-0.4769531250000001, 1.7730468750000001, 0.6042968750000001, 128.9896249992258
-0.20195312500000007, 0.9480468750000001, 0.329296875, 211.9084424161396
0.8980468750000001, 2.0480468750000003, 1.4292968750000001, 909.9542854337054
0.3480468750000001, 0.398046875, 0.8792968750000001, 490.56837169670257
-0.751953125, 1.4980468750000002, 1.9792968750000002, 1177.719230476878
-0.614453125, 0.8105468750000001, 1.016796875, 363.32545083444126
0.48554687500000004, 1.910546875, 2.116796875, 4.475142615884471E-77
1.035546875, 0.260546875, 0.466796875, 701.4824599414688
-0.064453125, 1.360546875, 1.566796875, 310.4703527606982
-0.339453125, 0.5355468750000001, 1.8417968750000002, 74.57158739326057
0.760546875, 1.6355468750000002, 0.7417968750000001, 11.63445449062627
0.2105468749999999, 1.0855468750000001, 1.2917968750000002, 420.512785576894
-0.8894531250000001, 2.185546875, 0.19179687500000003, 628.4325194041724
-0.958203125, 1.016796875, 2.185546875, 1182.7267400344379
0.14179687500000004, 2.116796875, 1.0855468750000001, 451.12289022489597
0.6917968750000001, 0.466796875, 1.6355468750000002, 22.051414633629438
-0.408203125, 1.566796875, 0.5355468750000001, 204.2878275346
-0.13320312499999998, 0.19179687500000003, 0.8105468750000001, 332.44639418842615
0.966796875, 1.2917968750000002, 1.910546875, 1123.624530374302
0.41679687499999996, 0.7417968750000001, 0.260546875, 305.75690081759905
-0.6832031250000001, 1.8417968750000002, 1.360546875, 804.0434123281611
-0.8207031250000001, 0.329296875, 0.12304687500000001, 204.2303244516371
0.279296875, 1.4292968750000001, 1.223046875, 336.8572676768406
0.829296875, 0.8792968750000001, 0.673046875, 27.810694293591926
-0.27070312500000004, 1.9792968750000002, 1.7730468750000001, 888.1040474339486
-0.5457031250000001, 0.6042968750000001, 1.4980468750000002, 745.058196176432
0.5542968750000001, 1.7042968750000003, 0.398046875, 314.84918334147926
0.004296875000000089, 0.054296875, 2.0480468750000003, 525.6498558621819
-1.095703125, 1.1542968750000002, 0.9480468750000001, 817.9192513382575
-1.0935546875000002, 0.6021484375000001, 2.1490234375, 1147.0163149896325
0.006445312499999911, 1.7021484375000002, 1.0490234375, 470.1886294018342
0.5564453125, 0.052148437500000006, 1.5990234375, 161.94339450965697
-0.5435546875, 1.1521484375000002, 0.4990234375, 182.75121383940802
-0.2685546875, 0.3271484375, 0.7740234375000001, 312.57722640746994
0.8314453125000001, 1.4271484375, 1.8740234375000002, 927.0284348468773
0.28144531250000004, 0.8771484375000002, 0.22402343750000003, 231.19411622110465
-0.8185546875, 1.9771484375000001, 1.3240234375000002, 879.0533113953602
-0.6810546875000001, 0.1896484375, 0.08652343750000001, 193.02711058017528
0.4189453125, 1.2896484375000001, 1.1865234375000002, 246.06280201182852
0.9689453125000003, 0.7396484375000001, 0.6365234375000001, 555.4035387755597
-0.13105468750000004, 1.8396484375000002, 1.7365234375000003, 471.03719053501686
-0.40605468750000007, 1.0146484375, 1.4615234375000001, 32.44067228270314
0.6939453125000001, 2.1146484375, 0.3615234375, 171.78198574836168
0.1439453125000001, 0.4646484375, 2.0115234375, 323.1973248937502
-0.9560546875000001, 1.5646484375000003, 0.9115234375000001, 812.0466012203584
-0.8873046875000001, 0.5333984375, 1.2552734375, 872.8323454227976
0.21269531249999996, 1.6333984375000001, 0.1552734375, 209.50933488225135
0.7626953125, 1.0833984375, 1.8052734375000001, 9.111739782170226E-42
-0.3373046875, 2.1833984375, 0.7052734375, 151.19964678538275
-0.062304687499999956, 0.8083984375000001, 0.4302734375, 231.6386872431197
1.0376953125, 1.9083984375000003, 1.5302734375000002, 977.6776785161222
0.4876953125000001, 0.2583984375, 0.9802734375000001, 327.15927809856316
-0.6123046875, 1.3583984375000002, 2.0802734375, 1141.8353057857028
-0.7498046875000001, 0.9458984375000001, 1.1177734375000001, 715.1349008762328
0.35019531250000013, 2.0458984375, 2.2177734375, 4.6074606185687786E-51
0.9001953125000002, 0.39589843750000003, 0.5677734375000001, 23.488331207326453
-0.19980468750000002, 1.4958984375000002, 1.6677734375000002, 10.17250731830477
-0.47480468750000004, 0.12089843750000001, 1.9427734375, 2.4599930980552654E-39
0.6251953125, 1.2208984375, 0.8427734375000001, 132.4673639534463
0.0751953125, 0.6708984375000001, 1.3927734375, 472.70909297527317
-1.0248046875, 1.7708984375, 0.2927734375, 813.8318717961762
-0.9904296875, 0.08652343750000001, 0.6021484375000001, 701.0696713398645
0.10957031250000004, 1.1865234375000002, 1.7021484375000002, 305.7649940716847
0.6595703125000001, 0.6365234375000001, 0.052148437500000006, 230.64512174505964
-0.4404296875, 1.7365234375000003, 1.1521484375000002, 313.148748353391
-0.16542968749999998, 0.9115234375000001, 1.9771484375000001, 131.26379619787602
0.9345703125, 2.0115234375, 0.8771484375000002, 744.0395215409507
0.38457031249999996, 0.3615234375, 1.4271484375, 314.12492182541814
-0.7154296875000001, 1.4615234375000001, 0.3271484375, 197.98051401568054
-0.5779296875000001, 0.7740234375000001, 1.5646484375000003, 869.3192093957691
0.5220703125000001, 1.8740234375000002, 0.4646484375, 318.91752498158945
1.0720703125000002, 0.22402343750000003, 2.1146484375, 1168.8793693845375
-0.02792968749999991, 1.3240234375000002, 1.0146484375, 445.9646296637181
-0.30292968750000004, 0.4990234375, 0.1896484375, 188.59964194405887
0.7970703125, 1.5990234375, 1.2896484375000001, 1.562052543953809E-48
0.2470703125, 1.0490234375, 0.7396484375000001, 465.74609200291127
-0.8529296875000001, 2.1490234375, 1.8396484375000002, 1141.4795182920673
-0.9216796875000001, 1.1177734375000001, 0.5333984375, 712.777582141711
0.1783203124999999, 2.2177734375, 1.6333984375000001, 50.94880485634332
0.7283203125, 0.5677734375000001, 1.0833984375, 75.7019219556965
-0.3716796875, 1.6677734375000002, 2.1833984375, 1150.7354475505178
-0.0966796875, 0.2927734375, 1.3583984375000002, 492.5256705582411
1.0033203125, 1.3927734375, 0.2583984375, 496.6555334705823
0.45332031250000004, 0.8427734375000001, 1.9083984375000003, 114.35819299964363
-0.6466796875, 1.9427734375, 0.8083984375000001, 348.13640234676075
-0.7841796875, 0.4302734375, 1.7708984375, 1056.751129306615
0.3158203125000001, 1.5302734375000002, 0.6708984375000001, 441.6456126858379
0.8658203125000001, 0.9802734375000001, 1.2208984375, 3.4594692300517445E-23
-0.23417968750000007, 2.0802734375, 0.12089843750000001, 197.69219580738414
-0.5091796875000001, 0.7052734375, 0.9458984375000001, 219.1668173854242
0.5908203125, 1.8052734375000001, 2.0458984375, 6.200648908779502E-65
0.040820312499999956, 0.1552734375, 0.39589843750000003, 252.71296844501472
-1.0591796875000001, 1.2552734375, 1.4958984375000002, 955.3313022316253
-1.0419921875, 0.3787109375, 0.3787109375, 736.9462974127283
0.05800781250000009, 1.4787109375000003, 1.4787109375000003, 385.28321915636957
0.6080078125000001, 0.9287109375000001, 0.9287109375000001, 163.74894224896622
-0.49199218750000007, 2.0287109375, 2.0287109375, 1126.1597877739514
-0.21699218750000004, 0.6537109375000001, 1.2037109375000001, 377.30719591534256
0.8830078125, 1.7537109375000002, 0.10371093750000002, 17.29133376931095
0.3330078125, 0.10371093750000002, 1.7537109375000002, 368.98515251188013
-0.7669921875000001, 1.2037109375000001, 0.6537109375000001, 425.2203132807209
-0.6294921875000001, 1.0662109375000002, 1.8912109375000001, 1098.1739251193067
0.47050781249999996, 2.1662109375, 0.7912109375000002, 226.984691043349
1.0205078125, 0.5162109375, 1.3412109375, 904.831610099693
-0.07949218750000009, 1.6162109375000002, 0.2412109375, 195.46586359956083
-0.3544921875, 0.2412109375, 1.0662109375000002, 347.414438268537
0.7455078125000001, 1.3412109375, 2.1662109375, 9.892569017079982E-16
0.19550781250000004, 0.7912109375000002, 0.5162109375, 354.3074706659218
-0.9044921875, 1.8912109375000001, 1.6162109375000002, 1022.4276009191155
-0.8357421875000001, 0.8599609375000001, 0.8599609375000001, 682.2814195678171
0.2642578124999999, 1.9599609375000002, 1.9599609375000002, 3.5793182500873093
0.8142578125, 0.30996093750000003, 0.30996093750000003, 137.64751997048398
-0.2857421875, 1.4099609375000002, 1.4099609375000002, 37.96181571460393
-0.0107421875, 0.5849609375000001, 2.2349609375, 208.47177069745928
1.0892578125, 1.6849609375, 1.1349609375, 834.7744943633551
0.5392578125, 1.1349609375, 1.6849609375, 58.17002982895985
-0.5607421875, 2.2349609375, 0.5849609375000001, 217.81842989722324
-0.6982421875, 0.17246093750000002, 1.5474609375000001, 884.3323445553576
0.4017578125000001, 1.2724609375000002, 0.44746093750000004, 410.46511837421167
0.9517578124999999, 0.7224609375000001, 2.0974609375, 1138.9720792669016
-0.14824218750000007, 1.8224609375000003, 0.9974609375000001, 357.0614997426556
-0.4232421875000001, 0.9974609375000001, 0.17246093750000002, 188.3271686916228
0.6767578125, 2.0974609375, 1.2724609375000002, 9.767118526877532E-68
0.12675781249999996, 0.44746093750000004, 0.7224609375000001, 413.73531918638247
-0.9732421875000001, 1.5474609375000001, 1.8224609375000003, 1091.580104731291
-1.0076171875000002, 0.8943359375000001, 1.3068359375, 909.9849911766111
0.09238281249999991, 1.9943359375000003, 0.2068359375, 212.01498260087746
0.6423828125, 0.3443359375, 1.8568359375, 31.406399303756036
-0.4576171875, 1.4443359375000002, 0.7568359375000001, 163.7395685922455
-0.1826171875, 0.0693359375, 0.48183593750000003, 231.27649223776558
0.9173828125000001, 1.1693359375, 1.5818359375000002, 963.9242593516627
0.36738281250000004, 0.6193359375, 1.0318359375000001, 429.0048764653187
-0.7326171875, 1.7193359375000001, 2.1318359375, 1161.1514535639267
-0.5951171875000001, 0.48183593750000003, 0.8943359375000001, 153.75581424169482
0.5048828125, 1.5818359375000002, 1.9943359375000003, 9.865905031402633E-44
1.0548828125000003, 1.0318359375000001, 0.3443359375, 583.1358266362869
-0.045117187500000044, 2.1318359375, 1.4443359375000002, 163.62470604297016
-0.32011718750000007, 0.7568359375000001, 1.7193359375000001, 92.19783420991166
0.7798828125000001, 1.8568359375, 0.6193359375, 7.8152932498111936
0.2298828125000001, 0.2068359375, 1.1693359375, 557.8444018502182
-0.8701171875000001, 1.3068359375, 0.0693359375, 383.9292068887814
-0.9388671875000001, 0.27558593750000004, 2.0630859375, 1167.1103481077148
0.1611328125, 1.3755859375000001, 0.9630859375000002, 504.1031370623549
0.7111328125, 0.8255859375000001, 1.5130859375, 10.847115567880575
-0.38886718750000004, 1.9255859375000002, 0.4130859375, 198.98084936616021
-0.11386718750000002, 1.1005859375000002, 0.6880859375000001, 295.2978537035758
0.9861328125000002, 2.2005859375, 1.7880859375000002, 1074.3088293970586
0.43613281250000013, 0.5505859375000001, 0.1380859375, 237.5871371575428
-0.6638671875000001, 1.6505859375000003, 1.2380859375000002, 692.4304965819582
-0.8013671875000001, 0.6880859375000001, 0.27558593750000004, 132.11878304574222
0.29863281249999996, 1.7880859375000002, 1.3755859375000001, 218.93783967326587
0.8486328125, 0.1380859375, 0.8255859375000001, 29.26272191295168
-0.2513671875, 1.2380859375000002, 1.9255859375000002, 823.3320561157603
-0.5263671875, 0.4130859375, 1.6505859375000003, 770.293815507249
0.5736328125000001, 1.5130859375, 0.5505859375000001, 273.03645621510714
0.023632812500000044, 0.9630859375000002, 2.2005859375, 141.4109678121846
-1.0763671875, 2.0630859375, 1.1005859375000002, 838.7116502390907
-1.0677734375, 0.23261718750000004, 1.6935546875000003, 1049.4927718849763
0.0322265625, 1.3326171875000001, 0.5935546875000001, 316.03526767798115
0.5822265625, 0.7826171875000001, 2.2435546875, 0.1422929597473878
-0.5177734375, 1.8826171875000002, 1.1435546875000002, 375.71968269185624
-0.24277343750000002, 1.0576171875000002, 0.3185546875, 205.67966626975664
0.8572265625000002, 2.1576171875, 1.4185546875000001, 886.7290192333056
0.30722656250000013, 0.5076171875000001, 0.8685546875000001, 510.7809202821025
-0.7927734375000001, 1.6076171875000003, 1.9685546875000002, 1134.934829804778
-0.6552734375, 0.6451171875000001, 0.7310546875000001, 62.29508506503131
0.4447265625000001, 1.7451171875000002, 1.8310546875000002, 4.677506979006247
0.9947265624999999, 0.0951171875, 0.18105468750000003, 487.5573457458462
-0.10527343749999996, 1.1951171875000002, 1.2810546875000002, 395.12367346535126
-0.3802734375, 0.3701171875, 2.1060546875, 2.7605495239948144E-50
0.7197265625, 1.4701171875, 1.0060546875, 16.861330256605928
0.16972656249999996, 0.9201171875000002, 1.5560546875, 363.46109801615563
-0.9302734375000001, 2.0201171875, 0.4560546875, 741.5447123183746
-0.8615234375, 0.9888671875000001, 1.7623046875000001, 1092.1285141077578
0.23847656250000004, 2.0888671875, 0.6623046875, 425.1560119713324
0.7884765625000001, 0.43886718750000003, 1.2123046875, 18.958300024117374
-0.3115234375, 1.5388671875000002, 0.1123046875, 193.56254725273675
-0.03652343750000009, 0.1638671875, 0.9373046875000001, 440.0729186694186
1.0634765625, 1.2638671875, 2.0373046875000003, 1166.9936714897087
0.5134765625, 0.7138671875000001, 0.3873046875, 391.005767571889
-0.5865234375, 1.8138671875, 1.4873046875000002, 789.063935122815
-0.7240234375000001, 0.5763671875, 0.5248046875000001, 83.72058016103483
0.3759765625, 1.6763671875000001, 1.6248046875000002, 87.1197765335147
0.9259765625000003, 1.1263671875, 1.0748046875000001, 660.2333826406469
-0.17402343750000004, 2.2263671875, 2.1748046875, 1144.0192098723246
-0.44902343750000007, 0.8513671875000001, 1.3498046875, 6.353192392574639
0.6509765625000001, 1.9513671875000003, 0.2498046875, 288.6553164788851
0.10097656250000009, 0.3013671875, 1.8998046875, 394.641673739922
-0.9990234375000001, 1.4013671875000002, 0.7998046875000001, 827.5437076206424
-0.9646484375000001, 0.7482421875000002, 0.14667968750000002, 712.3716028169542
0.1353515624999999, 1.8482421875000001, 1.2466796875000001, 405.0653328584467
0.6853515625, 0.1982421875, 0.6966796875000001, 180.04335177212954
-0.4146484375, 1.2982421875, 1.7966796875000002, 1009.3861972062072
-0.1396484375, 0.4732421875, 1.5216796875000003, 398.268403275815
0.9603515625000001, 1.5732421875000002, 0.4216796875, 489.85102554247646
0.41035156250000004, 1.0232421875000002, 2.0716796875, 69.8877756354456
-0.6896484375, 2.1232421875, 0.9716796875000001, 479.2239974817594
-0.5521484375000001, 0.0607421875, 2.2091796875, 995.156824571254
0.5478515625, 1.1607421875000001, 1.1091796875000002, 161.4070259452552
1.0978515625000003, 0.6107421875000001, 1.6591796875000002, 1045.1171981345244
-0.0021484375000000444, 1.7107421875000002, 0.5591796875000001, 281.7731443968057
-0.27714843750000007, 0.8857421875000001, 0.8341796875000002, 286.1193927522169
0.8228515625000001, 1.9857421875000003, 1.9341796875000001, 1043.630084958309
0.2728515625000001, 0.3357421875, 0.2841796875, 252.70281000292383
-0.8271484375, 1.4357421875000003, 1.3841796875, 902.1516127301435
-0.8958984375000001, 0.40449218750000004, 1.0404296875, 831.1167088946842
0.2041015625, 1.5044921875000001, 2.1404296875, 42.77179226797158
0.7541015625, 0.9544921875000001, 0.49042968750000004, 108.61415157015706
-0.34589843750000004, 2.0544921875, 1.5904296875000001, 719.8857375988472
-0.07089843749999991, 0.6794921875000001, 1.8654296875000003, 322.3879951213904
1.0291015625000002, 1.7794921875000003, 0.7654296875000001, 749.6458731364613
0.47910156250000013, 0.12949218750000002, 1.3154296875000002, 285.23076694170584
-0.6208984375000001, 1.2294921875000002, 0.21542968750000002, 182.9475992407038
-0.7583984375000001, 1.0919921875, 1.1779296875, 765.5534485478216
0.34160156249999996, 2.1919921875, 0.07792968750000001, 195.45802419898075
0.8916015625, 0.5419921875000001, 1.7279296875, 910.631580025921
-0.20839843749999998, 1.6419921875, 0.6279296875000001, 240.55704622107896
-0.4833984375, 0.26699218750000003, 0.35292968750000003, 208.4947082864732
0.6166015625000001, 1.3669921875000002, 1.4529296875000002, 27.742938775917754
0.06660156250000004, 0.8169921875000001, 0.9029296875000001, 457.2864759265804
-1.0333984375, 1.9169921875000002, 2.0029296875, 1170.1402173664683
-1.0505859375000002, 1.0404296875, 0.9888671875000001, 808.9677492282408
0.04941406249999991, 2.1404296875, 2.0888671875, 1169.6848813065267
0.5994140625, 0.49042968750000004, 0.43886718750000003, 321.23846448022425
-0.5005859375, 1.5904296875000001, 1.5388671875000002, 784.1584508998754
-0.2255859375, 0.21542968750000002, 1.8138671875, 333.7086206845465
0.8744140625000001, 1.3154296875000002, 0.7138671875000001, 1.0484593036584086E-08
0.32441406250000004, 0.7654296875000001, 1.2638671875, 337.711612717132
-0.7755859375, 1.8654296875000003, 0.1638671875, 276.45975795768396
-0.6380859375000001, 0.35292968750000003, 1.4013671875000002, 722.988153312652
0.4619140625, 1.4529296875000002, 0.3013671875, 344.43866180646825
1.0119140625000003, 0.9029296875000001, 1.9513671875000003, 1147.7789808798616
-0.08808593750000004, 2.0029296875, 0.8513671875000001, 362.5127919978397
-0.36308593750000007, 0.6279296875000001, 0.5763671875, 231.8448789333993
0.7369140625000001, 1.7279296875, 1.6763671875000001, 4.323082852785243E-46
0.1869140625000001, 0.07792968750000001, 1.1263671875, 594.469178549975
-0.9130859375000001, 1.1779296875, 2.2263671875, 1177.8486203499322
-0.8443359375000001, 0.14667968750000002, 0.23261718750000004, 208.3459269164915
0.25566406249999996, 1.2466796875000001, 1.3326171875000001, 332.9000292412781
0.8056640625, 0.6966796875000001, 0.7826171875000001, 43.10663952060528
-0.2943359375, 1.7966796875000002, 1.8826171875000002, 1017.6559996437804
-0.019335937499999956, 0.9716796875000001, 1.6076171875000003, 376.8595782020581
1.0806640625, 2.0716796875, 0.5076171875000001, 709.9293430479235
0.5306640625000001, 0.4216796875, 2.1576171875, 53.28446095110555
-0.5693359375, 1.5216796875000003, 1.0576171875000002, 380.9584895681229
-0.7068359375000001, 0.8341796875000002, 2.0201171875, 1131.330800258056
0.39316406250000013, 1.9341796875000001, 0.9201171875000002, 284.03490055395906
0.9431640625000002, 0.2841796875, 1.4701171875, 943.4553433365932
-0.15683593750000002, 1.3841796875, 0.3701171875, 220.24630083101061
-0.43183593750000004, 0.5591796875000001, 0.6451171875000001, 240.75527426159363
0.6681640625, 1.6591796875000002, 1.7451171875000002, 8.30386808022008E-67
0.1181640625, 1.1091796875000002, 0.0951171875, 183.9136895477613
-0.9818359375000001, 2.2091796875, 1.1951171875000002, 862.5273517278456
-1.0162109375000001, 0.5248046875000001, 1.9169921875000002, 1176.3844501324313
0.08378906249999996, 1.6248046875000002, 0.8169921875000001, 439.9171061678023
0.6337890625, 1.0748046875000001, 1.3669921875000002, 52.416716134271944
-0.4662109375000001, 2.1748046875, 0.26699218750000003, 174.31235292870744
-0.19121093750000007, 0.7998046875000001, 1.0919921875, 399.84084986868584
0.9087890624999999, 1.8998046875, 2.1919921875, 1164.3801282087893
0.3587890625000001, 0.2498046875, 0.5419921875000001, 444.0606736715381
-0.7412109375, 1.3498046875, 1.6419921875, 1006.0895337119214
-0.6037109375, 0.9373046875000001, 0.40449218750000004, 187.7268425952553
0.49628906250000004, 2.0373046875000003, 1.5044921875000001, 8.847157116777005
1.0462890625, 0.3873046875, 0.9544921875000001, 817.5668691710215
-0.0537109375, 1.4873046875000002, 2.0544921875, 14.31049673820026
-0.3287109375, 0.1123046875, 1.2294921875000002, 383.8137214356621
0.7712890625, 1.2123046875, 0.12949218750000002, 239.0927942153441
0.2212890624999999, 0.6623046875, 1.7794921875000003, 323.1083040563694
-0.8787109375000001, 1.7623046875000001, 0.6794921875000001, 692.3045984202325
-0.9474609375, 0.7310546875000001, 1.4357421875000003, 968.2134667603599
0.15253906250000004, 1.8310546875000002, 0.3357421875, 252.9122938774179
0.7025390625000001, 0.18105468750000003, 1.9857421875000003, 2.7108321045731297E-09
-0.3974609375, 1.2810546875000002, 0.8857421875000001, 226.11244422126725
-0.12246093749999998, 0.4560546875, 0.0607421875, 179.05018315367838
0.9775390625, 1.5560546875, 1.1607421875000001, 859.4790540240343
0.42753906249999996, 1.0060546875, 0.6107421875000001, 416.1881701407854
-0.6724609375000001, 2.1060546875, 1.7107421875000002, 1002.7554333998092
-0.8099609375000001, 0.3185546875, 0.7482421875000002, 539.3717656808212
0.2900390625, 1.4185546875000001, 1.8482421875000001, 136.28945918229763
0.8400390625, 0.8685546875000001, 0.1982421875, 117.32155567603988
-0.25996093750000004, 1.9685546875000002, 1.2982421875, 236.5563978493215
-0.5349609375000001, 1.1435546875000002, 2.1232421875, 1132.8731637134051
0.5650390625000001, 2.2435546875, 1.0232421875000002, 42.27595195931229
0.015039062500000089, 0.5935546875000001, 1.5732421875000002, 438.13219350615304
-1.0849609375, 1.6935546875000003, 0.4732421875, 823.028724550115
-1.0892578125, 0.5978515625, 0.8212890625000001, 838.1212666198937
0.0107421875, 1.6978515625000001, 1.9212890625, 53.720739258638204
0.5607421875, 1.1478515625, 0.2712890625, 341.1538549984636
-0.5392578125, 2.2478515625, 1.3712890625, 644.6024829411589
-0.2642578125, 0.8728515625000001, 2.1962890625, 1.759994983942355E-07
0.8357421875000002, 1.9728515625000003, 1.0962890625000001, 8.93535288183654
0.28574218750000013, 0.3228515625, 1.6462890625000002, 351.2919775356489
-0.8142578125000001, 1.4228515625000002, 0.5462890625000001, 470.3854438294805
-0.6767578125, 1.0103515625000001, 1.5087890625000002, 883.5969244197285
0.4232421875000001, 2.1103515625, 0.4087890625, 373.9094745440604
0.9732421874999999, 0.46035156250000003, 2.0587890625, 1154.696853302687
-0.12675781249999996, 1.5603515625000002, 0.9587890625000001, 373.11867555228844
-0.4017578125, 0.1853515625, 0.1337890625, 193.92023462234147
0.6982421875, 1.2853515625, 1.2337890625, 16.135058226817133
0.14824218749999996, 0.7353515625000001, 0.6837890625, 408.0721652051056
-0.9517578125000001, 1.8353515625, 1.7837890625000001, 1135.4440238444784
-0.8830078125, 0.6666015625000001, 0.3400390625, 482.0157218493318
0.21699218750000004, 1.7666015625000002, 1.4400390625000001, 267.4131620833624
0.7669921875000001, 0.1166015625, 0.8900390625000001, 79.54781744775819
-0.3330078125, 1.2166015625000002, 1.9900390625000002, 1001.9523397747506
-0.05800781250000009, 0.3916015625, 1.1650390625000002, 477.1168712093825
1.0419921875, 1.4916015625, 0.06503906250000001, 481.7295038319715
0.49199218749999996, 0.9416015625000002, 1.7150390625000003, 117.08674699742112
-0.6080078125, 2.0416015625, 0.6150390625000001, 253.41461997609807
-0.7455078125000001, 0.25410156250000004, 1.8525390625000002, 1060.0131534895208
0.3544921875, 1.3541015625000001, 0.7525390625000001, 435.15187219859104
0.9044921875000003, 0.8041015625000001, 1.3025390625000002, 0.5750134714775039
-0.19550781250000004, 1.9041015625000002, 0.20253906250000003, 199.05462466871282
-0.47050781250000007, 1.0791015625000002, 1.0275390625, 131.41413353442152
0.6294921875000001, 2.1791015625, 2.1275390625, 1125.5489661538475
0.07949218750000009, 0.5291015625000001, 0.4775390625, 279.179183889608
-1.0205078125, 1.6291015625000003, 1.5775390625, 1005.1801815317012
-0.9861328125000001, 1.1134765625, 2.0931640625, 1179.7122614856999
0.11386718749999991, 2.2134765625, 0.9931640625000001, 476.89534447977525
0.6638671875, 0.5634765625000001, 1.5431640625000003, 67.02024793821347
-0.4361328125, 1.6634765625, 0.4431640625, 204.06377783716061
-0.1611328125, 0.28847656250000003, 0.7181640625000001, 313.0589734250394
0.9388671875000001, 1.3884765625000002, 1.8181640625000002, 1121.4257317318354
0.38886718750000004, 0.8384765625000001, 0.16816406250000002, 222.67709658159913
-0.7111328125, 1.9384765625000002, 1.2681640625000001, 766.0262345840947
-0.5736328125000001, 0.42597656250000004, 0.3056640625, 193.96270764094896
0.5263671875, 1.5259765625000001, 1.4056640625, 66.4239793705646
1.0763671875000003, 0.9759765625000001, 0.8556640625000002, 807.9349448774755
-0.023632812500000044, 2.0759765625, 1.9556640625000001, 1138.4698453172552
-0.29863281250000007, 0.7009765625000001, 1.6806640625000002, 168.77160189408875
0.8013671875000001, 1.8009765625000003, 0.5806640625000001, 2.231198218952545
0.2513671875000001, 0.15097656250000002, 2.2306640625, 265.6586023988186
-0.8486328125, 1.2509765625000002, 1.1306640625000002, 816.8120178381611
-0.9173828125000001, 0.0822265625, 1.3369140625000002, 888.024029050244
0.1826171875, 1.1822265625000001, 0.23691406250000002, 227.21157212967515
0.7326171875, 0.6322265625000001, 1.8869140625000003, 4.143327091746311E-23
-0.36738281250000004, 1.7322265625000002, 0.7869140625000001, 215.41607187938476
-0.09238281249999991, 0.9072265625000001, 0.5119140625, 253.9393610845406
1.0076171875000002, 2.0072265625, 1.6119140625000001, 978.185884925154
0.45761718750000013, 0.3572265625, 1.0619140625, 342.53320443919773
-0.6423828125000001, 1.4572265625000003, 2.1619140625, 1173.9629162843858
-0.7798828125000001, 0.7697265625000002, 0.9244140625000001, 643.0751806217802
0.32011718749999996, 1.8697265625000001, 2.0244140625, 0.422996165439905
0.8701171875, 0.2197265625, 0.37441406250000003, 85.50374527478463
-0.22988281249999998, 1.3197265625, 1.4744140625000002, 140.37941189800952
-0.5048828125, 0.4947265625, 1.7494140625, 860.9565229014125
0.5951171875000001, 1.5947265625000002, 0.6494140625000001, 195.44694193454623
0.045117187500000044, 1.0447265625000002, 1.1994140625, 484.90692404531194
-1.0548828125, 2.1447265625, 0.09941406250000001, 907.0772095801291
-1.0376953125000001, 0.8212890625000001, 1.2509765625000002, 910.7766007248531
0.062304687499999956, 1.9212890625, 0.15097656250000002, 204.45807768908153
0.6123046875, 0.2712890625, 1.8009765625000003, 71.21817693574562
-0.4876953125000001, 1.3712890625, 0.7009765625000001, 162.6146114345942
-0.21269531250000007, 0.5462890625000001, 0.42597656250000004, 219.45931200275442
0.8873046875000001, 1.6462890625000002, 1.5259765625000001, 954.334653066961
0.3373046875000001, 1.0962890625000001, 0.9759765625000001, 418.59896112959007
-0.7626953125, 2.1962890625, 2.0759765625, 1137.7931269003545
-0.6251953125, 0.1337890625, 1.1134765625, 90.52591690640291
0.47480468750000004, 1.2337890625, 2.2134765625, 0.026486410848764252
1.0248046875, 0.6837890625, 0.5634765625000001, 636.7954732515464
-0.0751953125, 1.7837890625000001, 1.6634765625, 83.89191228212142
-0.3501953125, 0.9587890625000001, 1.9384765625000002, 1007.2486645200148
0.7498046875, 2.0587890625, 0.8384765625000001, 0.00038443087573886777
0.1998046874999999, 0.4087890625, 1.3884765625000002, 462.93770421504075
-0.9001953125000001, 1.5087890625000002, 0.28847656250000003, 619.7618500599509
-0.8314453125000001, 0.3400390625, 2.1447265625, 1188.5506624626994
0.2685546875, 1.4400390625000001, 1.0447265625000002, 397.2804769682797
0.8185546875, 0.8900390625000001, 1.5947265625000002, 5.804110982179647E-34
-0.28144531250000004, 1.9900390625000002, 0.4947265625, 212.0877007145044
-0.006445312499999911, 0.6150390625000001, 0.7697265625000002, 374.96037372865595
1.0935546875000002, 1.7150390625000003, 1.8697265625000001, 1140.4863547794346
0.5435546875000001, 0.06503906250000001, 0.2197265625, 335.97091853750663
-0.5564453125000001, 1.1650390625000002, 1.3197265625, 614.2600333302382
-0.6939453125000001, 1.0275390625, 0.0822265625, 237.83422580408603
0.40605468749999996, 2.1275390625, 1.1822265625000001, 145.55068555154566
0.9560546875, 0.4775390625, 0.6322265625000001, 0.0005280998268107078
-0.14394531249999998, 1.5775390625, 1.7322265625000002, 14.76728326634474
-0.4189453125, 0.20253906250000003, 1.4572265625000003, 209.1510184724365
0.6810546875000001, 1.3025390625000002, 0.3572265625, 229.00955030035408
0.13105468750000004, 0.7525390625000001, 2.0072265625, 247.2173842441021
-0.9689453125, 1.8525390625000002, 0.9072265625000001, 809.9752243682452
-1.0033203125, 0.3056640625, 0.5978515625, 729.545498072217
0.0966796875, 1.4056640625, 1.6978515625000001, 301.63207908243595
0.6466796875, 0.8556640625000002, 1.1478515625, 116.50133818895452
-0.45332031250000004, 1.9556640625000001, 2.2478515625, 1184.5157966700692
-0.17832031250000002, 1.1306640625000002, 1.4228515625000002, 290.8032380026635
0.9216796875000002, 2.2306640625, 0.3228515625, 475.94974335897075
0.37167968750000013, 0.5806640625000001, 1.9728515625000003, 199.09700315449626
-0.7283203125000001, 1.6806640625000002, 0.8728515625000001, 494.92079523432744
-0.5908203125, 0.7181640625000001, 1.8353515625, 1035.809661216816
0.5091796875000001, 1.8181640625000002, 0.7353515625000001, 265.02932716987186
1.0591796875, 0.16816406250000002, 1.2853515625, 883.3535675640143
-0.040820312499999956, 1.2681640625000001, 0.1853515625, 190.86857391335883
-0.3158203125, 0.4431640625, 1.0103515625000001, 334.5392781515311
0.7841796875, 1.5431640625000003, 2.1103515625, 854.6060398889679
0.23417968749999996, 0.9931640625000001, 0.46035156250000003, 341.67445805915526
-0.8658203125000001, 2.0931640625, 1.5603515625000002, 1015.2559281981542
-0.9345703125000001, 0.9244140625000001, 0.6666015625000001, 736.4485746327579
0.1654296875000001, 2.0244140625, 1.7666015625000002, 50.42404287543733
0.7154296875000001, 0.37441406250000003, 0.1166015625, 319.1131708932593
-0.38457031250000007, 1.4744140625000002, 1.2166015625000002, 189.76694348499282
-0.10957031250000004, 0.09941406250000001, 2.0416015625, 406.52805650536664
0.9904296875000003, 1.1994140625, 0.9416015625000002, 736.2614481616456
0.4404296875, 0.6494140625000001, 1.4916015625, 235.46414944244432
-0.6595703125000001, 1.7494140625, 0.3916015625, 194.29161560976007
-0.7970703125, 0.5119140625, 1.6291015625000003, 1031.213741866764
0.30292968750000004, 1.6119140625000001, 0.5291015625000001, 409.53844730330053
0.8529296875000001, 1.0619140625, 2.1791015625, 1129.132664722846
-0.2470703125, 2.1619140625, 1.0791015625000002, 183.1436072942569
-0.5220703125, 0.7869140625000001, 0.25410156250000004, 202.4836225632797
0.5779296875, 1.8869140625000003, 1.3541015625000001, 8.021660874058396
0.02792968749999991, 0.23691406250000002, 0.8041015625000001, 388.9703092997017
-1.0720703125000002, 1.3369140625000002, 1.9041015625000002, 1119.2777171680495
-1.0806640625000001, 0.9673828125000001, 0.2111328125, 823.1459286816859
0.019335937499999956, 2.0673828125, 1.3111328125000001, 312.2662787336647
0.5693359375, 0.41738281250000003, 0.7611328125000001, 277.3145598787024
-0.5306640625000001, 1.5173828125000002, 1.8611328125000002, 1059.2690298798063
-0.25566406250000007, 0.1423828125, 1.5861328125000003, 350.93720663898455
0.8443359375000001, 1.2423828125, 0.4861328125, 11.172800987850286
0.2943359375000001, 0.6923828125000001, 2.1361328125, 183.08752790215917
-0.8056640625, 1.7923828125, 1.0361328125, 734.7520645050446
-0.6681640625, 0.5548828125, 1.9986328125000001, 1095.545483332983
0.43183593750000004, 1.6548828125000001, 0.8986328125000002, 274.9037856655437
0.9818359375000001, 1.1048828125, 1.4486328125, 901.8437235782509
-0.1181640625, 2.2048828125, 0.3486328125, 207.71944974933163
-0.3931640625, 0.8298828125000001, 0.6236328125000001, 237.75521256003864
0.7068359375, 1.9298828125000003, 1.7236328125000002, 5.921866958124767E-36
0.1568359374999999, 0.2798828125, 0.0736328125, 191.30190051016362
-0.9431640625000001, 1.3798828125000002, 1.1736328125000002, 865.8304377394504
-0.8744140625000001, 0.2111328125, 0.9673828125000001, 746.6019380625256
0.2255859375, 1.3111328125000001, 2.0673828125, 99.21012612786807
0.7755859375, 0.7611328125000001, 0.41738281250000003, 107.67128243171425
-0.32441406250000004, 1.8611328125000002, 1.5173828125000002, 587.9764035940232
-0.04941406249999991, 1.0361328125, 1.7923828125, 288.5925542371876
1.0505859375000002, 2.1361328125, 0.6923828125000001, 750.8076700224104
0.5005859375000001, 0.4861328125, 1.2423828125, 228.17733591225635
-0.5994140625000001, 1.5861328125000003, 0.1423828125, 179.8524514190593
-0.7369140625000001, 0.6236328125000001, 1.3798828125000002, 833.7152013620475
0.36308593749999996, 1.7236328125000002, 0.2798828125, 294.67633314559214
0.9130859375, 0.0736328125, 1.9298828125000003, 1116.7716387872838
-0.18691406249999998, 1.1736328125000002, 0.8298828125000001, 333.4615626242361
-0.4619140625, 0.3486328125, 0.5548828125, 238.65991907763055
0.6380859375000001, 1.4486328125, 1.6548828125000001, 0.010498458457171891
0.08808593750000004, 0.8986328125000002, 1.1048828125, 522.0275834476838
-1.0119140625, 1.9986328125000001, 2.2048828125, 1180.0574377197981
-0.9775390625000001, 0.4517578125, 1.4830078125000001, 986.3829402373452
0.12246093750000009, 1.5517578125000002, 0.3830078125, 254.20118756924725
0.6724609375000001, 1.0017578125, 2.0330078125, 4.2220611250724535E-38
-0.42753906250000007, 2.1017578125, 0.9330078125000001, 199.12889947398344
-0.15253906250000004, 0.7267578125, 0.10800781250000001, 194.385263028721
0.9474609375000003, 1.8267578125000001, 1.2080078125000002, 830.0922414802012
0.3974609375, 0.1767578125, 0.6580078125000001, 478.2384279597971
-0.7025390625000001, 1.2767578125, 1.7580078125000003, 1059.5591416473414
-0.5650390625, 1.1392578125000001, 0.7955078125000001, 101.63349558563498
0.5349609375, 2.2392578125, 1.8955078125000002, 2.093815839568583E-37
1.0849609375, 0.5892578125000001, 0.24550781250000003, 547.9983968449176
-0.015039062500000089, 1.6892578125000002, 1.3455078125000002, 381.84278126301155
-0.2900390625, 0.3142578125, 2.1705078125, 28.62345900172657
0.8099609375000001, 1.4142578125, 1.0705078125, 1.0987701339797073E-10
0.25996093750000004, 0.8642578125000001, 1.6205078125, 295.6208341543026
-0.8400390625, 1.9642578125, 0.5205078125, 578.0935601570384
-0.9087890625000001, 0.7955078125000001, 1.9642578125, 1159.8795164577439
0.19121093749999996, 1.8955078125000002, 0.8642578125000001, 468.4343350116174
0.7412109375, 0.24550781250000003, 1.4142578125, 30.70584683460816
-0.3587890625, 1.3455078125000002, 0.3142578125, 218.93373790952504
-0.08378906249999996, 0.5205078125, 1.1392578125000001, 452.1807586085141
1.0162109375, 1.6205078125, 2.2392578125, 1185.0711934734136
0.4662109375000001, 1.0705078125, 0.5892578125000001, 392.50525468976804
-0.6337890625, 2.1705078125, 1.6892578125000002, 956.9637506330665
-0.7712890625000001, 0.10800781250000001, 0.4517578125, 206.44799443371963
0.32871093750000013, 1.2080078125000002, 1.5517578125000002, 221.39220404751657
0.8787109375000002, 0.6580078125000001, 1.0017578125, 0.00028903648807041026
-0.22128906250000002, 1.7580078125000003, 2.1017578125, 1104.9866780275795
-0.49628906250000004, 0.9330078125000001, 1.2767578125, 343.5007686376566
0.6037109375, 2.0330078125, 0.1767578125, 328.58620972858535
0.0537109375, 0.3830078125, 1.8267578125000001, 415.4526747291391
-1.0462890625, 1.4830078125000001, 0.7267578125, 816.1902399260067
-1.0634765625, 0.1595703125, 1.7064453125, 1086.5196493674912
0.03652343750000009, 1.2595703125000002, 0.6064453125000001, 327.3967040546162
0.5865234375000001, 0.7095703125000001, 1.1564453125, 167.11854296905665
-0.5134765625000001, 1.8095703125000002, 0.056445312500000004, 234.39566405732555
-0.23847656250000004, 0.9845703125000002, 0.8814453125000001, 332.60207649468765
0.8615234375, 2.0845703125, 1.9814453125000002, 1119.1086518758643
0.3115234375, 0.4345703125, 0.33144531250000003, 302.6309758753894
-0.7884765625000001, 1.5345703125, 1.4314453125000002, 905.9195645736389
-0.6509765625000001, 0.8470703125000001, 0.46894531250000004, 157.4008687722239
0.44902343749999996, 1.9470703125000002, 1.5689453125000001, 18.698074438549213
0.9990234375, 0.29707031250000004, 1.0189453125, 822.0319739950507
-0.10097656249999998, 1.3970703125000001, 2.1189453125, 0.010857000281964183
-0.3759765625, 0.5720703125000001, 1.2939453125000002, 265.3971815598659
0.7240234375000001, 1.6720703125000003, 0.19394531250000002, 241.88561829431288
0.17402343750000004, 1.1220703125000002, 1.8439453125000003, 265.1487645392682
-0.9259765625, 2.2220703125, 0.7439453125000001, 775.0913602524633
-0.8572265625000001, 1.0533203125000001, 1.6376953125000002, 994.7714093380624
0.2427734374999999, 2.1533203125, 0.5376953125, 357.8542256102351
0.7927734375, 0.5033203125000001, 2.1876953125, 1.2723883274250748E-21
-0.3072265625, 1.6033203125000002, 1.0876953125000002, 243.01383816619946
-0.0322265625, 0.2283203125, 0.2626953125, 211.79920420115184
1.0677734375, 1.3283203125, 1.3626953125, 921.7955167812306
0.5177734375, 0.7783203125000001, 0.8126953125000002, 274.75031543128773
-0.5822265625, 1.8783203125, 1.9126953125000001, 1064.4999283799107
-0.7197265625, 0.3658203125, 0.6751953125000001, 92.48455643519601
0.3802734375000001, 1.4658203125000002, 1.7751953125000002, 76.5716757438663
0.9302734374999999, 0.9158203125000001, 0.1251953125, 9.61766985378158
-0.16972656250000007, 2.0158203125000003, 1.2251953125000001, 201.94987848484925
-0.4447265625000001, 0.6408203125, 2.0501953125, 998.1781013600149
0.6552734375, 1.7408203125000001, 0.9501953125000001, 44.283518489587074
0.10527343749999996, 0.0908203125, 1.5001953125000003, 631.3346241447142
-0.9947265625000001, 1.1908203125, 0.4001953125, 785.0442766972706
-1.0291015625000002, 0.6751953125000001, 1.0533203125000001, 838.9716477183551
0.07089843749999991, 1.7751953125000002, 2.1533203125, 0.2235442104033945
0.6208984375, 0.1251953125, 0.5033203125000001, 339.60818651376235
-0.4791015625, 1.2251953125000001, 1.6033203125000002, 798.1098331338388
-0.2041015625, 0.4001953125, 1.8783203125, 242.02346074463188
0.8958984375000001, 1.5001953125000003, 0.7783203125000001, 17.463659906309374
0.34589843750000004, 0.9501953125000001, 1.3283203125, 298.10468543661926
-0.7541015625, 2.0501953125, 0.2283203125, 290.1321481573252
